id;parameter_name;parameter_value;type;status;last_modified;last_modified_by;created_by;created_on
1;Bedfordshire Hat;JBOD;Wooden workforce Configuration;Analyst;2022-04-20T07:40:46;Wooden matrix;white Plastic Baby;2022-04-20T00:06:11
2;platforms Practical;Loan override;relationships Coordinator Operative;Berkshire Card;2022-04-20T07:59:06;synergistic Configurable deposit;Credit;2022-04-20T06:26:20
3;Cotton;sticky Beauty;Brook Metal;B2C asynchronous back-end;2022-04-20T04:22:27;needs-based;Cambridgeshire;2022-04-20T06:31:26
4;Buckinghamshire;Optimization;Nevada Garden Liaison;engage;2022-04-20T04:19:55;Specialist Market;Granite Chips;2022-04-19T21:00:09
5;convergence;Arizona Light Berkshire;Mount recontextualize;Books Personal Steel;2022-04-20T09:20:59;forecast Cotton Pants;lime Tasty;2022-04-20T06:17:53
6;intranet;up matrix Interactions;Concrete connect;navigating Manat;2022-04-19T12:52:39;mission-critical neural;Account input B2B;2022-04-19T17:56:09
7;turquoise Small;Borders TCP Spain;Ergonomic Fields;Overpass;2022-04-20T03:46:14;override Pound connect;Dynamic;2022-04-20T04:01:56
8;bypass exploit;Music;Locks synthesizing;payment Rubber;2022-04-19T12:34:38;up projection redefine;Tools;2022-04-20T04:46:14
9;Rest;parsing Cotton;lavender Architect;connecting Ergonomic;2022-04-20T08:19:24;Seychelles schemas;Factors digital front-end;2022-04-19T21:14:26
10;Customizable Beauty Gourde;Mobility integrate;Cotton Peso;demand-driven;2022-04-19T15:36:42;model Cross-platform;Liaison Consultant Account;2022-04-20T01:19:59
