id;role_name;description;last_modified;last_modified_by
1;open-source Chief digital;optical port;2022-04-19T23:53:10;programming Implementation Spurs
2;Avon Executive;open-source Vermont;2022-04-20T01:14:18;up Place Technician
3;Rubber Dinar;Consultant Group Money;2022-04-19T19:30:07;Heights
4;red;Loan Incredible Technician;2022-04-20T01:57:33;methodology RSS
5;Saint feed connecting;Plain Account Direct;2022-04-19T12:32:18;toolset Avon Mauritius
6;mobile deposit;online;2022-04-19T21:01:51;Infrastructure Borders withdrawal
7;GB Account;calculate;2022-04-19T23:45:33;infrastructures
8;Automotive Pants;payment deposit;2022-04-19T21:45:45;Markets Group
9;virtual deposit;Rica Botswana programming;2022-04-20T05:20:20;Table
10;hack;Manager up Technician;2022-04-19T22:51:58;invoice
