id;first_name;last_name;designation;username;password_hash;email;description;department;image_url;activated;lang_key;activation_key;reset_key;reset_date;mobile_no;created_by;created_on
1;Dejon;Crona;Electronics array Ethiopia;Towels Ethiopian;Architect Marketing;Lindsay44@hotmail.com;Rubber tolerance Tasty;Republic Somoni Brand;Sleek silver navigate;true;revolutionary plug-and-play Avon;Alabama Lights Factors;turquoise;2022-04-19T20:16:38;Licensed convergence;Product;2022-04-20T09:28:24
2;Alexanne;Watsica;Agent Freeway Liaison;Isle;Unbranded;Maximillian73@hotmail.com;Mouse Forward Concrete;Berkshire;Avon reboot Jordan;true;Gloves Home;Regional Upgradable;Industrial synthesize;2022-04-19T19:50:32;Cambridgeshire;microchip;2022-04-19T19:01:56
3;Domingo;Greenfelder;sky Balanced multi-state;sky;Realigned;Horacio_Ullrich@yahoo.com;interface Ecuador Missouri;Avon Facilitator;payment pink;false;Dynamic;Sausages Lead;hacking Mouse Fantastic;2022-04-19T13:17:07;out-of-the-box drive;card CFA;2022-04-20T01:51:04
4;Jerry;Witting;card;Liaison Zimbabwe;Tools Cambridgeshire Research;Jadon.Steuber@gmail.com;internet;Account system hacking;hack;false;Investor Berkshire;architectures Games;pixel Applications;2022-04-20T07:20:49;Human Dynamic;Concrete;2022-04-20T01:09:11
5;Miles;Mayer;payment redundant;Oro;Sleek;Sarah54@yahoo.com;Ergonomic Practical Division;Practical National Markets;Belgium;true;value-added SMS high-level;morph Unbranded Senegal;programming Tasty Surinam;2022-04-20T00:33:14;Port interactive;content-based;2022-04-19T19:53:01
6;Doyle;Predovic;Handmade Avon;Handmade;Fresh Cambridgeshire;Maddison_Nader11@hotmail.com;generate frictionless indexing;Metrics redundant invoice;Savings Chicken;true;Factors Rubber Borders;Toys cyan Harbors;Estonia workforce Organic;2022-04-19T22:56:21;Maine e-commerce;high-level Planner ADP;2022-04-20T00:38:00
7;Lorena;Lindgren;Idaho interface;Manager Iowa;International generation;Roy_Hettinger@hotmail.com;background SSL;alarm Concrete Dynamic;engine;true;withdrawal;blue state Investment;Investment;2022-04-20T05:23:41;Japan Wyoming Re-contextualized;Licensed Profound;2022-04-19T21:21:19
8;Jaden;Parker;Tools relationships;alarm Avon;Bedfordshire Concrete Wyoming;Ervin72@hotmail.com;Fresh methodologies Sports;XML Principal protocol;Bike Self-enabling;false;invoice Stravenue CSS;virtual paradigms;fuchsia ADP;2022-04-19T14:21:50;compelling infrastructure;Concrete Bacon Corporate;2022-04-20T10:35:34
9;Hayden;Buckridge;Implementation;Mouse transform;system Lock;Reece.Walker57@gmail.com;drive South District;Bedfordshire;Group Fundamental bi-directional;true;Consultant aggregate;fuchsia;evolve;2022-04-20T11:44:56;Miquelon;scalable;2022-04-20T08:37:51
10;Hallie;Schultz;Soap;Ethiopia bluetooth;withdrawal Salad;Felix55@yahoo.com;Shoes Loan;Account;digital Associate;true;Division;azure system;Administrator Dollar Forest;2022-04-19T20:53:30;strategize;invoice Direct;2022-04-19T14:22:12
