id;level;access_id;last_modified;last_modified_by
1;ORGANIZATION;74074;2022-04-20T01:59:07;override Multi-tiered
2;ROOT;45443;2022-04-20T01:02:42;Steel reciprocal
3;ROOT;19111;2022-04-19T23:43:47;Granite Bermudian
4;ROOT;31290;2022-04-19T20:39:21;synthesizing override state
5;ORGANIZATION;91170;2022-04-19T13:34:13;moratorium
6;ORGANIZATION;22386;2022-04-19T19:05:18;Trail enable Bike
7;ORGANIZATION;11434;2022-04-20T01:16:54;Regional
8;ROOT;30013;2022-04-19T15:20:35;Toys Greece
9;ORGANIZATION;39146;2022-04-20T00:22:42;Metal incremental Towels
10;ROOT;57245;2022-04-19T22:14:23;compress
